{
  "Logistic Regression": {
    "log_loss": 0.6894250536134804,
    "accuracy": 0.5671641791044776,
    "auc": 0.6231481481481482
  },
  "XGBoost": {
    "log_loss": 0.7559440128542511,
    "accuracy": 0.47761194029850745,
    "auc": 0.4962962962962963
  },
  "LightGBM": {
    "log_loss": 0.7615216903607211,
    "accuracy": 0.47761194029850745,
    "auc": 0.5055555555555555
  }
}