{
  "Logistic Regression": {
    "log_loss": 0.6403542050070758,
    "accuracy": 0.655,
    "auc": 0.7131410256410257
  },
  "XGBoost": {
    "log_loss": 0.6235602983920312,
    "accuracy": 0.655,
    "auc": 0.7167467948717948
  },
  "LightGBM": {
    "log_loss": 0.6313836824819246,
    "accuracy": 0.665,
    "auc": 0.7120893429487178
  }
}