Logistic Regression,XGBoost,LightGBM
0.5436561887210293,0.5532332039818673,0.5545789711226564
0.556373816425958,0.5619780136410706,0.5558982178994599
0.5132022871964803,0.5308794603583137,0.5279859509771851
0.560214005783953,0.550515859972554,0.5516010453331035
0.5621556573573797,0.5768826039071454,0.5748513501486029
