,mean,std,min,max
Logistic Regression,0.54712039109696,0.018141479144312536,0.5132022871964803,0.5621556573573797
XGBoost,0.5546978283721902,0.015047351941323834,0.5308794603583137,0.5768826039071454
LightGBM,0.5529831070962016,0.01494009783060742,0.5279859509771851,0.5748513501486029
