max_depth,log_loss
2,0.6288170452165587
3,0.6353520180643193
4,0.6516683266320067
5,0.6580338703563834
6,0.6599218990860778
7,0.6564756670852709
