n_estimators,log_loss
10,0.6410230580917156
25,0.6266613032410081
50,0.6353520180643193
100,0.6479652536977448
150,0.6535325906270392
200,0.6586499466234017
