learning_rate,log_loss
0.01,0.6418321267525045
0.03,0.6293810522020243
0.05,0.6353520180643193
0.1,0.648403592650781
0.2,0.6674523328669132
